Run ID,Name,Source Type,Source Name,User,Status,alpha,batch_size,cutoff,lr,num_epochs,run_time,D_loss,G_loss
cb3b8f1c1e7949a99053acbc14a18478,0097,LOCAL,GAN.py,lucas.barbosa,FINISHED,0.0001,64,0.7799999999999999,0.0001,100,36.95640420913696,0.6612658500671387,0.46390020847320557
22e0200b6d9844fd8f2cbb7d2a920e70,0095,LOCAL,GAN.py,lucas.barbosa,FINISHED,0.0001,64,0.76,0.0001,100,58.12255382537842,0.6456592679023743,0.5583565143438486
e699318e30874164b66501bd68495337,0043,LOCAL,GAN.py,lucas.barbosa,FINISHED,0.0001,16,0.7899999999999999,0.0001,50,53.91032123565674,0.7025068998336792,0.5650360956788063
42b03f1cdb7e4fd0acd88a5cd4ab5d2d,0093,LOCAL,GAN.py,lucas.barbosa,FINISHED,0.0001,64,0.74,0.0001,100,87.45074892044067,0.6143500804901123,0.5711586117744446
1962cdf1342a4e788be6b75c2b1ac90a,0130,LOCAL,GAN.py,lucas.barbosa,FINISHED,0.001,32,0.7,0.0001,100,473.94072818756104,0.5940249562263489,0.5758852242407474
16f08d32e3d24a3f840fe1be2ceb1563,0063,LOCAL,GAN.py,lucas.barbosa,FINISHED,0.0001,64,0.77,0.0001,50,24.032474994659424,0.5820870399475098,0.5792954325675964
5086084b3a434d81be9e8e7b09677f36,0077,LOCAL,GAN.py,lucas.barbosa,FINISHED,0.0001,16,0.7999999999999999,0.0001,100,75.15778040885925,0.6353262662887573,0.5852111613049227
b50446027aa64281919e6c88a59c5124,0143,LOCAL,GAN.py,lucas.barbosa,FINISHED,0.001,64,0.72,0.0001,200,262.89918422698975,0.6897721886634827,0.5853179852167766
15b018e37cda4cc6871836e096998443,0243,LOCAL,GAN.py,lucas.barbosa,FINISHED,0.01,64,0.74,0.0001,100,90.12738680839539,0.7155425548553467,0.586079053580761
0c3e8bca73d24376a9f7fa5365bf9a2e,0059,LOCAL,GAN.py,lucas.barbosa,FINISHED,0.0001,64,0.73,0.0001,50,55.54272699356079,0.6012901663780212,0.589706791639328
856149a74e0c4a29a2accfdf205ebafa,0008,LOCAL,GAN.py,lucas.barbosa,FINISHED,0.0001,64,0.72,0.0001,25,34.14075684547424,0.6248010993003845,0.5940433671077092
d30141f7817c49a4af194a89759668c8,0089,LOCAL,GAN.py,lucas.barbosa,FINISHED,0.0001,64,0.7,0.0001,100,186.83649682998657,0.534220814704895,0.5944559668952768
4f0b1bda18054b98972953b0762bab48,0096,LOCAL,GAN.py,lucas.barbosa,FINISHED,0.0001,64,0.77,0.0001,100,45.34431171417236,0.662168562412262,0.5958392798900605
45732c22cad24220991b3d2448d5b9d6,0081,LOCAL,GAN.py,lucas.barbosa,FINISHED,0.0001,32,0.73,0.0001,100,218.90419363975525,0.6107102036476135,0.5993669539690017
34917066f2a34577bea2533584ca1136,0251,LOCAL,GAN.py,lucas.barbosa,FINISHED,0.01,64,0.72,0.0001,200,263.0257148742676,0.5822925567626953,0.6001877466837565
1279017143b04f9b872e2f14712fc26b,0239,LOCAL,GAN.py,lucas.barbosa,FINISHED,0.01,32,0.72,0.0001,100,269.1627037525177,0.5916382670402527,0.600534055630366
6b6f7cfc06ef4ad598afdec02a4cff82,0083,LOCAL,GAN.py,lucas.barbosa,FINISHED,0.0001,32,0.75,0.0001,100,145.90744519233704,0.5731731057167053,0.6028203747489236
41367a967a31413da84a53e375cd24cc,0005,LOCAL,GAN.py,lucas.barbosa,FINISHED,0.0001,32,0.72,0.0001,25,68.00071549415588,0.6808027625083923,0.6048712243636449
18dfc47cfc0d4ac58244225ca122fd14,0056,LOCAL,GAN.py,lucas.barbosa,FINISHED,0.0001,64,0.7,0.0001,50,95.1522479057312,0.6496376991271973,0.6056638211011887
aee555ede5f74009b79f0295467c0284,0010,LOCAL,GAN.py,lucas.barbosa,FINISHED,0.0001,16,0.7899999999999999,0.0001,25,28.560420274734497,0.689615527788798,0.606042891740799
cead53067087420ab7b020aaab14a766,0064,LOCAL,GAN.py,lucas.barbosa,FINISHED,0.0001,64,0.7799999999999999,0.0001,50,20.09857940673828,0.6055887341499329,0.6077084913849831
e431055eaa0d43fda50fb0a0d698445e,0098,LOCAL,GAN.py,lucas.barbosa,FINISHED,0.0001,64,0.7899999999999999,0.0001,100,28.604504823684692,0.4779188930988312,0.6088822682698568
30139b285ab04c1ca76c4bcaaad5b13d,0027,LOCAL,GAN.py,lucas.barbosa,FINISHED,0.0001,64,0.74,0.0001,25,24.010477304458618,0.6042751669883728,0.6102063104510307
8acb7b148b7b4d269d357c101aecdeec,0053,LOCAL,GAN.py,lucas.barbosa,FINISHED,0.0001,32,0.7799999999999999,0.0001,50,37.76688480377197,0.638007402420044,0.6119262874126434
940b06e5e9ae497e9e5ef8ee76125ad9,0050,LOCAL,GAN.py,lucas.barbosa,FINISHED,0.0001,32,0.75,0.0001,50,73.96266746520996,0.6054290533065796,0.6121420950600596
d061b8d5a6a54bf4b6779a7c782f907c,0054,LOCAL,GAN.py,lucas.barbosa,FINISHED,0.0001,32,0.7899999999999999,0.0001,50,29.21865677833557,0.6758564114570618,0.6130094180504481
681fa931c0794739a1e55cfd849c0e68,0029,LOCAL,GAN.py,lucas.barbosa,FINISHED,0.0001,64,0.76,0.0001,25,16.613789558410645,0.6239600777626038,0.6134831721966083
cda4584120f94d29af4cde7095ed85eb,0094,LOCAL,GAN.py,lucas.barbosa,FINISHED,0.0001,64,0.75,0.0001,100,70.44969391822815,0.6172358393669128,0.6140030808746815
ef4f112bb9344c4cac0d11003873d5fb,0031,LOCAL,GAN.py,lucas.barbosa,FINISHED,0.0001,64,0.7799999999999999,0.0001,25,11.056522369384766,0.6579222679138184,0.6144919767975807
6a8c1cd7a7e94e088b152e53e4423aa7,0139,LOCAL,GAN.py,lucas.barbosa,FINISHED,0.001,32,0.7,0.0001,200,916.6118402481079,0.6555812954902649,0.616698105904189
9ce4e54832ec4962b8dbbb39ea354274,0124,LOCAL,GAN.py,lucas.barbosa,FINISHED,0.001,64,0.7,0.0001,50,100.13218355178833,0.6183473467826843,0.6182875985449011
7f04a16ad51043f3874e977a1b55506f,0042,LOCAL,GAN.py,lucas.barbosa,FINISHED,0.0001,16,0.7799999999999999,0.0001,50,70.2075560092926,0.6310412287712097,0.6183881312608719
0dea5ef159c74c1b8aadea90ed70b194,0076,LOCAL,GAN.py,lucas.barbosa,FINISHED,0.0001,16,0.7899999999999999,0.0001,100,103.86945676803589,0.7403685450553894,0.6203881427645683
7d2d0d55678a4d95968778e767979d04,0091,LOCAL,GAN.py,lucas.barbosa,FINISHED,0.0001,64,0.72,0.0001,100,128.6937918663025,0.6178645491600037,0.6204264163970947
e27b2157c0cc4e828516e71f33a03e3c,0018,LOCAL,GAN.py,lucas.barbosa,FINISHED,0.0001,64,0.74,0.0001,50,44.84922695159912,0.6363373398780823,0.6214069634675979
93d235eff9524c0e80265a85de42f3ce,0030,LOCAL,GAN.py,lucas.barbosa,FINISHED,0.0001,64,0.77,0.0001,25,13.332369804382324,0.6221302092075348,0.6218420743942261
3d5d44452540460080b96705ad86f700,0099,LOCAL,GAN.py,lucas.barbosa,FINISHED,0.0001,64,0.7999999999999999,0.0001,100,20.056560754776,0.6493151783943176,0.6235281080007553
b57cce30bea44949bcfb7d6eee3e1a80,0019,LOCAL,GAN.py,lucas.barbosa,FINISHED,0.0001,32,0.77,0.0001,25,25.83212924003601,0.6543449759483337,0.6247487096559434
2971cbbf35054bc79058d4c2a42a0109,0065,LOCAL,GAN.py,lucas.barbosa,FINISHED,0.0001,64,0.7899999999999999,0.0001,50,15.791597127914429,0.6812967658042908,0.6248154044151306
dcff997a4f2241679b9385e4ae03181e,0087,LOCAL,GAN.py,lucas.barbosa,FINISHED,0.0001,32,0.7899999999999999,0.0001,100,54.89225149154663,0.6611320972442627,0.6265269418557485
49f145ff54934338896c5f5bd5095ef5,0086,LOCAL,GAN.py,lucas.barbosa,FINISHED,0.0001,32,0.7799999999999999,0.0001,100,72.38908314704895,0.6854633688926697,0.627040795981884
555b2068737d40348db618e0f5c83e32,0017,LOCAL,GAN.py,lucas.barbosa,FINISHED,0.0001,64,0.72,0.0001,50,65.46659231185913,0.6290221810340881,0.6270821511745452
5aa2efc86d37464c94fbda141aadcb58,0092,LOCAL,GAN.py,lucas.barbosa,FINISHED,0.0001,64,0.73,0.0001,100,107.20723104476929,0.6671482920646667,0.6301042437553406
0fc74d6e8ad946ee8b083ae850b6382d,0233,LOCAL,GAN.py,lucas.barbosa,FINISHED,0.01,64,0.72,0.0001,50,67.60975694656372,0.6717630624771118,0.6305034975210826
9731c788e79d441199bc7ba1479fce75,0115,LOCAL,GAN.py,lucas.barbosa,FINISHED,0.001,64,0.7,0.0001,25,57.64210796356201,0.6700242852622812,0.630600624463775
5db1f60bd6ec47a7975385d1611a6649,0088,LOCAL,GAN.py,lucas.barbosa,FINISHED,0.0001,32,0.7999999999999999,0.0001,100,37.92931389808655,0.5730383992195129,0.6319566667079926
18c548f1efd84645aa21e5ec26c546b0,0032,LOCAL,GAN.py,lucas.barbosa,FINISHED,0.0001,64,0.7899999999999999,0.0001,25,8.86002230644226,0.6356192429860433,0.6329278151194254
d875ae5efee54af5a3f0fc58dbb60ef1,0032,LOCAL,GAN.py,lucas.barbosa,FINISHED,0.0001,32,0.72,0.0001,200,532.6091883182526,0.5852903127670288,0.6336447815100352
01c8639ddf3d43c3bdf5234b07dd3d19,0024,LOCAL,GAN.py,lucas.barbosa,FINISHED,0.0001,64,0.71,0.0001,25,40.20017385482788,0.6711194515228271,0.6343346734841665
38203d8f5faa4f3bae7f80c62685a319,0017,LOCAL,GAN.py,lucas.barbosa,FINISHED,0.0001,32,0.75,0.0001,25,38.127702713012695,0.6742774844169617,0.6346386165329905
68d3c5924d9b40b8bfe47112be59e745,0231,LOCAL,GAN.py,lucas.barbosa,FINISHED,0.01,32,0.74,0.0001,50,93.54125499725342,0.5998800992965698,0.6348496021294012
89b18404b6bf4f6db7b6f0d2ad8e0554,0036,LOCAL,GAN.py,lucas.barbosa,FINISHED,0.0001,64,0.74,0.0001,200,175.3295819759369,0.7107111215591431,0.6351080060005188
6638f7da4e674ff185891d85aee5682b,0015,LOCAL,GAN.py,lucas.barbosa,FINISHED,0.0001,32,0.74,0.0001,50,91.60383224487305,0.6429973244667053,0.6354888154239189
f61e55c5853847f2acb5725929028394,0035,LOCAL,GAN.py,lucas.barbosa,FINISHED,0.0001,64,0.72,0.0001,200,261.7657423019409,0.6787052750587463,0.6358909577131271
1bbc2129541f4826b416f23ae1f5103d,0242,LOCAL,GAN.py,lucas.barbosa,FINISHED,0.01,64,0.72,0.0001,100,132.90002155303955,0.6266219615936279,0.6363251447677613
a6fecab51d2140cb851c766638bab6fb,0026,LOCAL,GAN.py,lucas.barbosa,FINISHED,0.0001,64,0.72,0.0001,100,131.78141498565674,0.678735613822937,0.6365332305431366
2e63558356ba4d17810b5674222dbdca,0084,LOCAL,GAN.py,lucas.barbosa,FINISHED,0.0001,32,0.76,0.0001,100,119.75133061408997,0.6344440579414368,0.6370048324267069
a20fca9fc5694107b416f604d574168e,0135,LOCAL,GAN.py,lucas.barbosa,FINISHED,0.001,64,0.74,0.0001,100,105.85206079483032,0.6242202520370483,0.6372293502092361
e344628019e047308785f7ad9d3543f4,0033,LOCAL,GAN.py,lucas.barbosa,FINISHED,0.0001,32,0.74,0.0001,200,364.36043787002563,0.5877963304519653,0.637434267416233
abdae5fb7a23464b982fbab1d417978f,0224,LOCAL,GAN.py,lucas.barbosa,FINISHED,0.01,64,0.72,0.0001,25,34.90239500999451,0.6583060622215271,0.6375825544198354
887f436973d545f0a3209aa87a976019,0075,LOCAL,GAN.py,lucas.barbosa,FINISHED,0.0001,16,0.7799999999999999,0.0001,100,137.2900092601776,0.6565322279930115,0.6377102751284838
1a7451b187054c9997f33e83bd0c048e,0066,LOCAL,GAN.py,lucas.barbosa,FINISHED,0.0001,64,0.7999999999999999,0.0001,50,11.196551084518433,0.6164520382881165,0.6381978690624237
3f330df89f5f43529cfdf44475698266,0018,LOCAL,GAN.py,lucas.barbosa,FINISHED,0.0001,32,0.76,0.0001,25,31.593443393707275,0.6649549007415771,0.6384524239434136
f3fe160213f74527a3964d40f390b3b2,0134,LOCAL,GAN.py,lucas.barbosa,FINISHED,0.001,64,0.72,0.0001,100,158.69207215309143,0.6433455944061279,0.6390393634637197
339a9ce723a5403a82f4aab06a1784ce,0234,LOCAL,GAN.py,lucas.barbosa,FINISHED,0.01,64,0.74,0.0001,50,47.174718141555786,0.6705201864242554,0.6398021280765533
b6e3cbfdea014488a14dd542d2d49904,0061,LOCAL,GAN.py,lucas.barbosa,FINISHED,0.0001,64,0.75,0.0001,50,36.7349739074707,0.6780309081077576,0.6398605071008205
55b22115be3d44d3ab244fa644238d58,0024,LOCAL,GAN.py,lucas.barbosa,FINISHED,0.0001,32,0.74,0.0001,100,183.6598973274231,0.7395416498184204,0.6400452983088609
5aed0248f66d434ab8427f8acee10f6b,0025,LOCAL,GAN.py,lucas.barbosa,FINISHED,0.0001,64,0.72,0.0001,25,34.12278413772583,0.6251314282417297,0.6400805393854777
d810dc7277e349e68ef107f405cf0458,0052,LOCAL,GAN.py,lucas.barbosa,FINISHED,0.0001,32,0.77,0.0001,50,47.58317828178406,0.620488703250885,0.6403040914308458
4d3cbf0860684564bd9f3041e1bf5b5b,0252,LOCAL,GAN.py,lucas.barbosa,FINISHED,0.01,64,0.74,0.0001,200,175.1026382446289,0.6450610160827637,0.6403801321983338
ba1606381e994721a5451e4a35211699,0240,LOCAL,GAN.py,lucas.barbosa,FINISHED,0.01,32,0.74,0.0001,100,184.05409693717957,0.5605536699295044,0.6405533726622419
8bca14e44ea447ba8c0e0e1e5338c70c,0141,LOCAL,GAN.py,lucas.barbosa,FINISHED,0.001,32,0.74,0.0001,200,393.5973451137543,0.7314678430557251,0.6408957679097246
00f307978e3d43fe93d4639a9abdb959,0026,LOCAL,GAN.py,lucas.barbosa,FINISHED,0.0001,64,0.73,0.0001,25,28.640533208847046,0.6327164769172668,0.6410339713096619
ef93f0b8037c44c5925281f7a801f63c,0048,LOCAL,GAN.py,lucas.barbosa,FINISHED,0.0001,32,0.73,0.0001,50,110.78285837173462,0.6130461692810059,0.6410879766941071
f5e7b181267e4c2692eb3b4f868e8039,0011,LOCAL,GAN.py,lucas.barbosa,FINISHED,0.0001,16,0.7999999999999999,0.0001,25,20.687721252441406,0.5997589826583862,0.6417117469451007
4a7ae44351434b588c2b1869a1aa59fc,0022,LOCAL,GAN.py,lucas.barbosa,FINISHED,0.0001,32,0.7999999999999999,0.0001,25,11.532631158828735,0.6451771855354309,0.6421038955450058
7efdf0e43c604e1fba9a9ac2d693c756,0027,LOCAL,GAN.py,lucas.barbosa,FINISHED,0.0001,64,0.74,0.0001,100,88.57918453216553,0.6921537518501282,0.6432696670293808
0805601918ac40159974463206ea2a97,0225,LOCAL,GAN.py,lucas.barbosa,FINISHED,0.01,64,0.74,0.0001,25,24.1256742477417,0.609430193901062,0.6443199455738068
c48de8408878406f975e065f910e97f2,0144,LOCAL,GAN.py,lucas.barbosa,FINISHED,0.001,64,0.74,0.0001,200,175.69701170921326,0.7272424697875977,0.6444635659456253
b727b953d9994fb580d3f84ff78873ff,0009,LOCAL,GAN.py,lucas.barbosa,FINISHED,0.0001,16,0.7799999999999999,0.0001,25,36.19626045227051,0.6703535914421082,0.644668335095048
288ebd18bea049fb9f729639257223ea,0241,LOCAL,GAN.py,lucas.barbosa,FINISHED,0.01,64,0.7,0.0001,100,192.7220025062561,0.5607160329818726,0.6449006714604117
cdcff3b1f06541c991d0e674d0bc4a56,0114,LOCAL,GAN.py,lucas.barbosa,FINISHED,0.001,32,0.74,0.0001,25,55.558634757995605,0.5914342999458313,0.646529899864662
48bf2cef863a4156b0aa9feff4211efd,0140,LOCAL,GAN.py,lucas.barbosa,FINISHED,0.001,32,0.72,0.0001,200,630.5058555603027,0.569108784198761,0.6466249754031499
da70e1546f544671835fec632f4309d0,0062,LOCAL,GAN.py,lucas.barbosa,FINISHED,0.0001,64,0.76,0.0001,50,30.159722805023193,0.5653244853019714,0.6467884274629446
da8f6c3adf644917a1cc9e8145a4fb19,0038,LOCAL,GAN.py,lucas.barbosa,FINISHED,0.0001,16,0.74,0.0001,50,176.43542981147766,0.6054705381393433,0.6468903594706432
52f3e3286ba84c63a2389c252cc2e04a,0125,LOCAL,GAN.py,lucas.barbosa,FINISHED,0.001,64,0.72,0.0001,50,68.03103971481323,0.6375636458396912,0.6469500501950581
412c8b43f0c344d1b6a27cce712bc0ea,0006,LOCAL,GAN.py,lucas.barbosa,FINISHED,0.0001,32,0.74,0.0001,25,46.88365197181702,0.652953028678894,0.647198019958124
68b6fc933426400391107f318fdb1773,0090,LOCAL,GAN.py,lucas.barbosa,FINISHED,0.0001,64,0.71,0.0001,100,152.38969707489014,0.6078380942344666,0.6471989966101117
f2c29cec093b4940b1d720b0c718416c,0238,LOCAL,GAN.py,lucas.barbosa,FINISHED,0.01,32,0.7,0.0001,100,393.2356708049774,0.6915563941001892,0.647333606400273
cbfc6b1975d24811bfde009f98459bb3,0025,LOCAL,GAN.py,lucas.barbosa,FINISHED,0.0001,64,0.7,0.0001,100,192.60595989227295,0.5470402836799622,0.6473914696411653
7552fa245fb342d49bcf01f853a3f74e,0055,LOCAL,GAN.py,lucas.barbosa,FINISHED,0.0001,32,0.7999999999999999,0.0001,50,20.559682846069336,0.678673267364502,0.647592343389988
1f492a3946b1470c8eb3d52826fc836e,0058,LOCAL,GAN.py,lucas.barbosa,FINISHED,0.0001,64,0.72,0.0001,50,65.33736371994019,0.6415025591850281,0.6477246661980947
76b48f84d0934b82939b7aafc826c9e4,0040,LOCAL,GAN.py,lucas.barbosa,FINISHED,0.0001,16,0.76,0.0001,50,117.65105152130127,0.6431130170822144,0.6478337818926031
04c0c7aca9b84aba8cb8a956454cc38c,0222,LOCAL,GAN.py,lucas.barbosa,FINISHED,0.01,32,0.74,0.0001,25,47.81587362289429,0.8533620238304138,0.6481644235006193
fb2d30b28f30430686b984e8ccf3dd03,0033,LOCAL,GAN.py,lucas.barbosa,FINISHED,0.0001,64,0.7999999999999999,0.0001,25,6.994595527648926,0.6500089317560196,0.6488310843706131
73143d7409a743e49f3268e4169f0ac9,0117,LOCAL,GAN.py,lucas.barbosa,FINISHED,0.001,64,0.74,0.0001,25,27.32321333885193,0.691600501537323,0.6491301149129868
c8eb4445d2bf4cce8dc19b8f8b7c85d2,0009,LOCAL,GAN.py,lucas.barbosa,FINISHED,0.0001,64,0.74,0.0001,25,23.341492652893066,0.6365622878074646,0.6491767138242721
28a3a47422854d38a5c009b366ed4a23,0015,LOCAL,GAN.py,lucas.barbosa,FINISHED,0.0001,32,0.73,0.0001,25,56.41245460510254,0.690355122089386,0.6495038449764252
1e3426a92c764603a592c48a5a8d3c6b,0123,LOCAL,GAN.py,lucas.barbosa,FINISHED,0.001,32,0.74,0.0001,50,94.88647890090942,0.6844650506973267,0.6495422720909119
2ce47de60f0d442f8942ba534cb3441e,0008,LOCAL,GAN.py,lucas.barbosa,FINISHED,0.0001,16,0.77,0.0001,25,47.629167318344116,0.6058534979820251,0.6498427640560062
c5dd1cd547e448a8bd7c4f17e1a2c297,0044,LOCAL,GAN.py,lucas.barbosa,FINISHED,0.0001,16,0.7999999999999999,0.0001,50,38.482911109924316,0.019510699436068535,0.6504884782959434
708a28e896664f7788886d7522c10561,0028,LOCAL,GAN.py,lucas.barbosa,FINISHED,0.0001,64,0.75,0.0001,25,19.761508464813232,0.6178874969482422,0.6514597944915295
2327d9ca34604023bd8cd4304dac74a1,0085,LOCAL,GAN.py,lucas.barbosa,FINISHED,0.0001,32,0.77,0.0001,100,93.74522018432617,0.5968696475028992,0.6514619049571809
fc74fe85030b436f9bd7e9a9e563a14f,0020,LOCAL,GAN.py,lucas.barbosa,FINISHED,0.0001,32,0.7799999999999999,0.0001,25,19.92510461807251,0.6335004568099976,0.6515103951096535
83b1d1b124ce460393e497c2ad3de653,0074,LOCAL,GAN.py,lucas.barbosa,FINISHED,0.0001,16,0.77,0.0001,100,182.84448957443237,0.6215023994445801,0.651796443517818
c6bbd33f508346dab72b2640098bc35b,0060,LOCAL,GAN.py,lucas.barbosa,FINISHED,0.0001,64,0.74,0.0001,50,44.294971227645874,0.6929289102554321,0.6521316975355148
e25b1c5c33e04395966ddb6830e6a5bc,0126,LOCAL,GAN.py,lucas.barbosa,FINISHED,0.001,64,0.74,0.0001,50,49.2271842956543,0.6447498798370361,0.653070941567421
05c04ff366e4451a915c3b324b44e93d,0229,LOCAL,GAN.py,lucas.barbosa,FINISHED,0.01,32,0.7,0.0001,50,198.59508299827576,0.5940927267074585,0.6530915132977746
a7f1957d4b3f4b93a090e616b1f42cf4,0039,LOCAL,GAN.py,lucas.barbosa,FINISHED,0.0001,16,0.75,0.0001,50,141.81795954704285,0.7492137551307678,0.6534637275026806
bcc32bc980d64c10ae9e43ac8fb5bce9,0021,LOCAL,GAN.py,lucas.barbosa,FINISHED,0.0001,32,0.7899999999999999,0.0001,25,15.397512912750244,0.5694290399551392,0.6535166998704275
96f44b35e6504dbeaa33cf60bf3369dc,0116,LOCAL,GAN.py,lucas.barbosa,FINISHED,0.001,64,0.72,0.0001,25,40.533217430114746,0.6570431749025981,0.6535555720329285
643bcb8a66734e2bb583d714911ac279,0013,LOCAL,GAN.py,lucas.barbosa,FINISHED,0.0001,32,0.71,0.0001,25,80.85267949104309,0.6715911626815796,0.6560124591605304
13cad3d3159a4fa8a635c3ee58ecc00c,0041,LOCAL,GAN.py,lucas.barbosa,FINISHED,0.0001,16,0.77,0.0001,50,92.46914649009705,0.6965124607086182,0.656102274739465
9eaf63de9c77449697229b94602bd5af,0007,LOCAL,GAN.py,lucas.barbosa,FINISHED,0.0001,64,0.7,0.0001,25,48.98776888847351,0.6125141382217407,0.6566241139715369
a8a68cc3d8624adebe9544db0b960ead,0016,LOCAL,GAN.py,lucas.barbosa,FINISHED,0.0001,64,0.7,0.0001,50,94.97911357879639,0.7151508331298828,0.6569169380448081
2788bd896f844ab3a2e72f10257d31be,0082,LOCAL,GAN.py,lucas.barbosa,FINISHED,0.0001,32,0.74,0.0001,100,178.55759167671204,0.6639460921287537,0.6573915089048991
d047acfde016468c80a7fb0199e202bf,0023,LOCAL,GAN.py,lucas.barbosa,FINISHED,0.0001,64,0.7,0.0001,25,48.67762589454651,0.6486309170722961,0.6576755439693277
5471b1c74dfe4db4ba524a72677576ad,0122,LOCAL,GAN.py,lucas.barbosa,FINISHED,0.001,32,0.72,0.0001,50,139.95201420783997,0.6313361525535583,0.6584921409686406
b7a19cfa0c7a4a9b9a190869d3a654b0,0249,LOCAL,GAN.py,lucas.barbosa,FINISHED,0.01,32,0.74,0.0001,200,366.8693871498108,0.556748628616333,0.6586094396870311
3a9bd507c19342858ef89da65e4c3aaa,0223,LOCAL,GAN.py,lucas.barbosa,FINISHED,0.01,64,0.7,0.0001,25,50.13941693305969,0.6421434879302979,0.6608445305715908
d1bff70fd32443d681d3c91148f6e1e3,0073,LOCAL,GAN.py,lucas.barbosa,FINISHED,0.0001,16,0.76,0.0001,100,232.75403547286987,0.72581946849823,0.6612384200096131
fb3c9d3d6acf458d9876b7b078d1dea1,0049,LOCAL,GAN.py,lucas.barbosa,FINISHED,0.0001,32,0.74,0.0001,50,90.23411679267883,0.6232085227966309,0.6616216403682057
252f81dadb8447b2bd30734b0cc6ecb2,0132,LOCAL,GAN.py,lucas.barbosa,FINISHED,0.001,32,0.74,0.0001,100,221.55035996437073,0.6257220506668091,0.6626164767800308
25cafe92754c45c684e6fc29abcc0aa7,0014,LOCAL,GAN.py,lucas.barbosa,FINISHED,0.0001,32,0.72,0.0001,25,67.65300607681274,0.6596506834030151,0.663639235496521
817ccfef87d84e048a9ce60fee9b7b8c,0057,LOCAL,GAN.py,lucas.barbosa,FINISHED,0.0001,64,0.71,0.0001,50,77.43640899658203,0.5862889289855957,0.6642484151654773
285cb95b2cae466493a2ebb340d9358b,0046,LOCAL,GAN.py,lucas.barbosa,FINISHED,0.0001,32,0.71,0.0001,50,159.12304377555847,0.7751721143722534,0.6643317358134544
a87297639ae646edadbb542312bea0d8,0250,LOCAL,GAN.py,lucas.barbosa,FINISHED,0.01,64,0.7,0.0001,200,381.8362145423889,0.5553601980209351,0.6648406521840529
6c89ce6c3d7444e5819b3ab9a8c29ae2,0051,LOCAL,GAN.py,lucas.barbosa,FINISHED,0.0001,32,0.76,0.0001,50,60.42320489883423,0.6665446758270264,0.6653500309696904
e31cecb89d454ffea3abbd02feb15b71,0047,LOCAL,GAN.py,lucas.barbosa,FINISHED,0.0001,32,0.72,0.0001,50,131.4069881439209,0.6128430366516113,0.6673036684592565
6e3290e894f94c0ab1fbef1de245c22f,0133,LOCAL,GAN.py,lucas.barbosa,FINISHED,0.001,64,0.7,0.0001,100,229.13708424568176,0.7103190422058105,0.6676712930202484
bfe85a0075204f609a831cad044d4b91,0006,LOCAL,GAN.py,lucas.barbosa,FINISHED,0.0001,16,0.75,0.0001,25,73.28304386138916,0.6921638250350952,0.6689443356955229
894fee7379f34ab19e26dbc813e3bd36,0012,LOCAL,GAN.py,lucas.barbosa,FINISHED,0.0001,16,0.74,0.0001,50,177.41278433799744,0.694230854511261,0.6702511411115347
a2b2d79741894cf1974f3feb845b0662,0021,LOCAL,GAN.py,lucas.barbosa,FINISHED,0.0001,16,0.74,0.0001,100,358.2927632331848,0.6734960675239563,0.672478302415595
3936a7fe2c4d42818e6a57dcca8d84cc,0131,LOCAL,GAN.py,lucas.barbosa,FINISHED,0.001,32,0.72,0.0001,100,324.3377239704132,0.7552003264427185,0.673132699728012
636fc2621e3345958cd19ae17510b2c3,0248,LOCAL,GAN.py,lucas.barbosa,FINISHED,0.01,32,0.72,0.0001,200,535.7317740917206,0.6241700053215027,0.6734705418348312
27d5669f9d9e42a9932b169a8148db5e,0079,LOCAL,GAN.py,lucas.barbosa,FINISHED,0.0001,32,0.71,0.0001,100,316.23899006843567,0.7315481901168823,0.6738860688797416
a517ed73e93a4389b8801a5da02dddff,0103,LOCAL,GAN.py,lucas.barbosa,FINISHED,0.0001,16,0.73,0.0001,200,846.2332088947296,0.6901317834854126,0.6742794913053513
ff0965fe051a4dc7a4f1b1f393e9542a,0228,LOCAL,GAN.py,lucas.barbosa,FINISHED,0.01,16,0.74,0.0001,50,182.5646619796753,0.6370383501052856,0.674356161829937
d9b321eb5ae14ee0a99c86a9f025650e,0023,LOCAL,GAN.py,lucas.barbosa,FINISHED,0.0001,32,0.72,0.0001,100,267.4112272262573,0.6266160607337952,0.6746432478229205
3f234947b8fb44a38017b35d04136db4,0106,LOCAL,GAN.py,lucas.barbosa,FINISHED,0.0001,16,0.76,0.0001,200,466.8581078052521,0.7208571434020996,0.6757432439110496
d5a5ba44c5bd44ccb54a37efa5c7d2d0,0237,LOCAL,GAN.py,lucas.barbosa,FINISHED,0.01,16,0.74,0.0001,100,361.3239939212799,0.7365632057189941,0.6762879727834679
fe85ab96cdfa43bc8e8a6964b8d8ad02,0112,LOCAL,GAN.py,lucas.barbosa,FINISHED,0.001,32,0.7,0.0001,25,114.88512563705444,0.7114560604095459,0.6763143966143782
aa05de3ea7394e6ab86e6939eb016f9c,0080,LOCAL,GAN.py,lucas.barbosa,FINISHED,0.0001,32,0.72,0.0001,100,260.31977009773254,0.714054524898529,0.6770939489205678
f8f40dbb95e7434389767be1f069e37f,0138,LOCAL,GAN.py,lucas.barbosa,FINISHED,0.001,16,0.74,0.0001,200,847.3473064899445,0.6938049793243408,0.6790459895708475
d9dc35f229fb46d798542656a974a9f9,0016,LOCAL,GAN.py,lucas.barbosa,FINISHED,0.0001,32,0.74,0.0001,25,46.64807391166687,0.6603789925575256,0.6791368737453367
45f3f211c073494ea534da6099d66fee,0142,LOCAL,GAN.py,lucas.barbosa,FINISHED,0.001,64,0.7,0.0001,200,385.1450448036194,0.5735294222831726,0.6803707561709664
51ab61b9d9f74b17bd1d740f8008c722,0034,LOCAL,GAN.py,lucas.barbosa,FINISHED,0.0001,64,0.7,0.0001,200,381.704838514328,0.6228110790252686,0.6813807446848262
96f3bd0701a942eb81bdf781bd8baf08,0120,LOCAL,GAN.py,lucas.barbosa,FINISHED,0.001,16,0.74,0.0001,50,207.8342628479004,0.5960768461227417,0.6814676745828375
6ab2e2cf5a124b0f8ff0033ad669fd20,0070,LOCAL,GAN.py,lucas.barbosa,FINISHED,0.0001,16,0.73,0.0001,100,423.9986069202423,0.5676149129867554,0.682690269947052
548c53be4dbd4a6b9842931523a5d6d9,0030,LOCAL,GAN.py,lucas.barbosa,FINISHED,0.0001,16,0.74,0.0001,200,714.640308380127,0.5616340637207031,0.6830900096031557
18e9ab87bf8c45a68602ad45daa58716,0230,LOCAL,GAN.py,lucas.barbosa,FINISHED,0.01,32,0.72,0.0001,50,136.42064785957336,0.5999095439910889,0.6839178959528606
eca6c169ecb74b4782b4e50a08d26546,0004,LOCAL,GAN.py,lucas.barbosa,FINISHED,0.0001,32,0.7,0.0001,25,97.68025732040405,0.6661214232444763,0.6839296242052858
0fbd4654843f4203aee96c2623963a51,0014,LOCAL,GAN.py,lucas.barbosa,FINISHED,0.0001,32,0.72,0.0001,50,132.71392798423767,0.7130004167556763,0.6860785692930221
e2d749daa1e747caa83e79cfe9442455,0007,LOCAL,GAN.py,lucas.barbosa,FINISHED,0.0001,16,0.76,0.0001,25,60.49980592727661,0.6176009774208069,0.6862212067300623
d09957884cf74e28b0115120a1e50884,0121,LOCAL,GAN.py,lucas.barbosa,FINISHED,0.001,32,0.7,0.0001,50,225.3842535018921,0.6125999689102173,0.6866176968271082
72c7c71bbbdb4614b063e1aeb0f3804d,0105,LOCAL,GAN.py,lucas.barbosa,FINISHED,0.0001,16,0.75,0.0001,200,566.5588426589966,0.5862011909484863,0.6868643991982759
082dbaf0f7f84f5b856d431d3ad7430d,0246,LOCAL,GAN.py,lucas.barbosa,FINISHED,0.01,16,0.74,0.0001,200,719.4746227264404,0.5898553729057312,0.686874448534954
35fa0def7c0e41279b5e8cfb31bc1958,0003,LOCAL,GAN.py,lucas.barbosa,FINISHED,0.0001,16,0.74,0.0001,25,89.84650015830994,0.6964496374130249,0.6876801859183483
19aff079605c4c90aa202b36bff3a0ad,0003,LOCAL,GAN.py,lucas.barbosa,FINISHED,0.0001,16,0.72,0.0001,25,128.47352027893066,0.6365948915481567,0.6885093579689662
2ff986e6cf0c4d96af4a3c88f503eed6,0069,LOCAL,GAN.py,lucas.barbosa,FINISHED,0.0001,16,0.72,0.0001,100,507.3061110973358,0.5445967316627502,0.691190792620182
3bfdf3eb2a664a8bb4d0e4dd2c6514b8,0247,LOCAL,GAN.py,lucas.barbosa,FINISHED,0.01,32,0.7,0.0001,200,785.5309309959412,0.5071610808372498,0.6926720460707491
cad9d7f8d9674b2eb278169983a1c5df,0020,LOCAL,GAN.py,lucas.barbosa,FINISHED,0.0001,16,0.72,0.0001,100,520.4551723003387,0.7674404089649518,0.6929014498988787
edbbe3afded24c6db8414e25d52037ed,0104,LOCAL,GAN.py,lucas.barbosa,FINISHED,0.0001,16,0.74,0.0001,200,699.3648023605347,0.6888750195503235,0.6932655533394182
598ceb35220e4294a0a260f0bb31c588,0028,LOCAL,GAN.py,lucas.barbosa,FINISHED,0.0001,16,0.7,0.0001,200,1521.1725432872772,0.7836146950721741,0.6936634265433597
17a97692546e479c8000944a915cd2af,0031,LOCAL,GAN.py,lucas.barbosa,FINISHED,0.0001,32,0.7,0.0001,200,777.7777011394501,0.5479861497879028,0.6936673420396718
aec536348dbb4c4090dbfc491a06b95c,0011,LOCAL,GAN.py,lucas.barbosa,FINISHED,0.0001,16,0.72,0.0001,50,256.5078547000885,0.5730348825454712,0.6938583552837372
9725e4f33c484f098f120f8d9a799060,0227,LOCAL,GAN.py,lucas.barbosa,FINISHED,0.01,16,0.72,0.0001,50,262.64784240722656,0.6384605169296265,0.6940294315417608
bcc705ed493c4f7892e4b36c539da2ab,0071,LOCAL,GAN.py,lucas.barbosa,FINISHED,0.0001,16,0.74,0.0001,100,348.8582193851471,0.7405433654785156,0.6944457996322448
21411fd625544699b0b6ea10274993d3,0221,LOCAL,GAN.py,lucas.barbosa,FINISHED,0.01,32,0.72,0.0001,25,69.6019356250763,0.7002596855163574,0.6949979076782863
ccffd3fa2cfa47f698713f1e0d2fb434,0036,LOCAL,GAN.py,lucas.barbosa,FINISHED,0.0001,16,0.72,0.0001,50,254.7659661769867,0.632080078125,0.6950770845015843
d990e6bc199141569346e5efca4c79e7,0037,LOCAL,GAN.py,lucas.barbosa,FINISHED,0.0001,16,0.73,0.0001,50,211.6325044631958,0.8162137269973755,0.695818597972393
bce3d940073a497695504b3234540712,0137,LOCAL,GAN.py,lucas.barbosa,FINISHED,0.001,16,0.72,0.0001,200,1223.1771712303162,0.5948979258537292,0.6967971036831538
8683402f212e4b99b4fb388a0891288a,0045,LOCAL,GAN.py,lucas.barbosa,FINISHED,0.0001,32,0.7,0.0001,50,192.9513075351715,0.6564666032791138,0.6968780356374654
d6ebb3bb59f64fd38e4f820d39f47cd2,0232,LOCAL,GAN.py,lucas.barbosa,FINISHED,0.01,64,0.7,0.0001,50,97.755375623703,0.6757948994636536,0.6969261819666083
71cc06b6677149a1b3416ba8ee9c71bd,0129,LOCAL,GAN.py,lucas.barbosa,FINISHED,0.001,16,0.74,0.0001,100,433.9656431674957,0.6267901659011841,0.6969373244118978
30779d2fd860437d93995130920a8119,0029,LOCAL,GAN.py,lucas.barbosa,FINISHED,0.0001,16,0.72,0.0001,200,1034.882342338562,0.5967061519622803,0.6972818672657013
517561c4126f4548bd5476200086de84,0219,LOCAL,GAN.py,lucas.barbosa,FINISHED,0.01,16,0.74,0.0001,25,92.25003480911255,0.6907870769500732,0.697538535997092
1c4cd2c2c36148f092de6b1a2cc8bbf5,0220,LOCAL,GAN.py,lucas.barbosa,FINISHED,0.01,32,0.7,0.0001,25,100.42079162597656,0.687663197517395,0.6980097209188071
01cfd0fd5b7744f8abdde94ec793691b,0113,LOCAL,GAN.py,lucas.barbosa,FINISHED,0.001,32,0.72,0.0001,25,78.74190616607666,0.6228904724121094,0.6989434937636058
3480711292c8486fbd87765a817087a0,0180,LOCAL,GAN.py,lucas.barbosa,FINISHED,0.001,64,0.74,0.001,200,175.3596591949463,0.6135719418525696,0.6994530200958252
a35ac2fe69f040d196fd6b9e5a0c9bf2,0110,LOCAL,GAN.py,lucas.barbosa,FINISHED,0.001,16,0.72,0.0001,25,152.4996793270111,0.6532803773880005,0.7005533849199613
60bbdfbec6254dada90e3ef02f96fabb,0072,LOCAL,GAN.py,lucas.barbosa,FINISHED,0.0001,16,0.75,0.0001,100,282.50381302833557,0.6429685354232788,0.7006181914414933
2864e588e5644909aac29179dd798dcd,0260,LOCAL,GAN.py,lucas.barbosa,FINISHED,0.01,64,0.72,0.001,25,35.102123737335205,0.6222630143165588,0.701402461528778
02de218842bf4cabba522bc8c5b20a91,0035,LOCAL,GAN.py,lucas.barbosa,FINISHED,0.0001,16,0.71,0.0001,50,307.49003052711487,0.5621848702430725,0.7027089812167703
2e2b74657b6e400d94b6664ad7f30191,0149,LOCAL,GAN.py,lucas.barbosa,FINISHED,0.001,32,0.72,0.001,25,69.36643171310425,0.6367289423942566,0.7030927002429962
2c2f50b0d139433cb5e692bbd4f84b6c,0005,LOCAL,GAN.py,lucas.barbosa,FINISHED,0.0001,16,0.74,0.0001,25,88.70224952697754,0.648894727230072,0.7035188236868525
108ac08d573749ebbae214280709195a,0067,LOCAL,GAN.py,lucas.barbosa,FINISHED,0.0001,16,0.7,0.0001,100,745.0233871936798,0.46218398213386536,0.7038415225885682
da1f52d6d5a24b76bcc3ee11f9ff707c,0119,LOCAL,GAN.py,lucas.barbosa,FINISHED,0.001,16,0.72,0.0001,50,300.1442530155182,0.5987903475761414,0.7050934433937073
e8dcc7ba792e452793f4c742170bf6fb,0068,LOCAL,GAN.py,lucas.barbosa,FINISHED,0.0001,16,0.71,0.0001,100,613.6114881038666,0.7598534916361718,0.7054699071466106
2c6a29719d0c4d3daa1ee0e5ee7dc422,0004,LOCAL,GAN.py,lucas.barbosa,FINISHED,0.0001,16,0.73,0.0001,25,106.76937651634216,0.6733838617801666,0.7056978535652161
c1985528c74744858ff9dc478c8bb4d2,0078,LOCAL,GAN.py,lucas.barbosa,FINISHED,0.0001,32,0.7,0.0001,100,381.5068745613098,0.5818102955818176,0.7059435370293531
2299f5b0cd704529ae65e6588801e411,0277,LOCAL,GAN.py,lucas.barbosa,FINISHED,0.01,64,0.7,0.001,100,193.03623294830322,0.6468164324760437,0.7063218395818364
eb25232db9c84ccca169688f193c0c38,0109,LOCAL,GAN.py,lucas.barbosa,FINISHED,0.001,16,0.7,0.0001,25,220.3151068687439,0.6292128562927246,0.7065421100390159
060e1815f1d74e29870d88d11190d23b,0128,LOCAL,GAN.py,lucas.barbosa,FINISHED,0.001,16,0.72,0.0001,100,626.3333690166473,0.7089077830314636,0.7081271996100743
ccf8fad8845549ae8e8e59b56f345437,0071,LOCAL,GAN.py,lucas.barbosa,FINISHED,0.0001,64,0.72,0.001,200,261.66972041130066,0.6546683311462402,0.7085842510064443
593972dc229c49debbb3f5ed445a09e3,0256,LOCAL,GAN.py,lucas.barbosa,FINISHED,0.01,32,0.7,0.001,25,100.25231671333313,0.599471926689148,0.7088002887639132
25d797cc05ab4b2bb5a08475bd1ad655,0001,LOCAL,GAN.py,lucas.barbosa,FINISHED,0.0001,16,0.7,0.0001,25,204.15535235404968,0.7161863446235657,0.7091901133962943
176aed5bc5f14e42874dd74b2f441918,0245,LOCAL,GAN.py,lucas.barbosa,FINISHED,0.01,16,0.72,0.0001,200,1040.3720512390137,0.6954365968704224,0.710018590092659
b3650fda45da46a09eca8feaddeae45e,0013,LOCAL,GAN.py,lucas.barbosa,FINISHED,0.0001,32,0.7,0.0001,50,193.98009133338928,0.6701797246932983,0.7100732042030855
7a410d52927949bfadf9163f801ab199,0280,LOCAL,GAN.py,lucas.barbosa,FINISHED,0.01,16,0.7,0.001,200,1528.6700525283813,0.5610560178756714,0.7105011549373131
6123772257d84cf2bd4cd6be83afb835,0263,LOCAL,GAN.py,lucas.barbosa,FINISHED,0.01,16,0.72,0.001,50,261.98864340782166,0.6809305548667908,0.710655064880848
87a23fde9935438d9ed7024f09487694,0218,LOCAL,GAN.py,lucas.barbosa,FINISHED,0.01,16,0.72,0.0001,25,133.1223304271698,0.6664840579032898,0.7107952326536179
5698a0ae1f3047bfb49fcde57dcf5cfe,0175,LOCAL,GAN.py,lucas.barbosa,FINISHED,0.001,32,0.7,0.001,200,784.3289265632629,0.5891783833503723,0.7118624868718061
3f5fb329f2084f54a69aa42126e39a6f,0001,LOCAL,GAN.py,lucas.barbosa,FINISHED,0.0001,16,0.7,0.0001,25,210.19011735916138,0.5982249975204468,0.7126167675869614
da4c5aa36fe542659b595c7ecc01f4b2,0022,LOCAL,GAN.py,lucas.barbosa,FINISHED,0.0001,32,0.7,0.0001,100,389.8347053527832,0.7002401947975159,0.7127786495468833
540873d2c00d49d38c132a034e2d75b3,0287,LOCAL,GAN.py,lucas.barbosa,FINISHED,0.01,64,0.72,0.001,200,262.05212354660034,0.6240714192390442,0.7133616308371226
24e39f7098224419bdc0b35bd7f9fa8f,0262,LOCAL,GAN.py,lucas.barbosa,FINISHED,0.01,16,0.7,0.001,50,384.7382564544678,0.646356463432312,0.713386019744442
3ff617e99ef246428cc7c4f44e38fa36,0111,LOCAL,GAN.py,lucas.barbosa,FINISHED,0.001,16,0.74,0.0001,25,105.98610162734985,0.6843987107276917,0.7135452462966183
590bd5ffa32d4cc7bab2ca3a71e854f8,0070,LOCAL,GAN.py,lucas.barbosa,FINISHED,0.0001,64,0.7,0.001,200,382.1738829612732,0.5801931619644165,0.7137249423698946
1cf5189ff25b4df6ada76b487cf34021,0273,LOCAL,GAN.py,lucas.barbosa,FINISHED,0.01,16,0.74,0.001,100,361.1689794063568,0.3970179557800293,0.7138499100524259
80c08aea26064956b68aafd542270130,0012,LOCAL,GAN.py,lucas.barbosa,FINISHED,0.0001,32,0.7,0.0001,25,96.47112584114075,0.697840690612793,0.713956205682321
d939ac18ecff4a5fb4ed002f4a13ebed,0236,LOCAL,GAN.py,lucas.barbosa,FINISHED,0.01,16,0.72,0.0001,100,522.2631015777588,0.7426501512527466,0.7142423192660013
03228a8622ec43db8bf59c977ab95fdf,0064,LOCAL,GAN.py,lucas.barbosa,FINISHED,0.0001,16,0.7,0.001,200,1528.7751023769379,0.4520840346813202,0.7147312669430749
de69c2248f7b407c8037eeea519cfb21,0179,LOCAL,GAN.py,lucas.barbosa,FINISHED,0.001,64,0.72,0.001,200,263.0884847640991,0.6577015519142151,0.7152061780293782
1fac4c48aa3a4be38e11c9cb12f0741f,0002,LOCAL,GAN.py,lucas.barbosa,FINISHED,0.0001,16,0.72,0.0001,25,129.23428225517273,0.6648344397544861,0.7157007957498233
79bc7ea0b2b845f19a4d1a80b88eada2,0136,LOCAL,GAN.py,lucas.barbosa,FINISHED,0.001,16,0.7,0.0001,200,1825.2208817005157,0.5824275612831116,0.7158160297210607
8f2dec2fc0ce4e0983b148e38cf214ec,0055,LOCAL,GAN.py,lucas.barbosa,FINISHED,0.0001,16,0.7,0.001,100,761.1280734539032,0.6356550455093384,0.7159042196758723
7b226a690a254399a257b3262f0b6b21,0266,LOCAL,GAN.py,lucas.barbosa,FINISHED,0.01,32,0.72,0.001,50,136.01897287368774,0.6019858717918396,0.7161257843176524
206839cc264b4c6394f40c57f709ad7a,0158,LOCAL,GAN.py,lucas.barbosa,FINISHED,0.001,32,0.72,0.001,50,172.23083996772766,0.673051655292511,0.7166731804609299
5805ba19436f439bb5994893f5a2d13e,0148,LOCAL,GAN.py,lucas.barbosa,FINISHED,0.001,32,0.7,0.001,25,100.04566025733948,0.7108529806137085,0.7168748399073427
a281781e81444c02ae556fb92fb942b3,0254,LOCAL,GAN.py,lucas.barbosa,FINISHED,0.01,16,0.72,0.001,25,132.39001965522766,0.6571881175041199,0.7169362922509511
6c67abffd3894f4aba9c295e96f515f3,0050,LOCAL,GAN.py,lucas.barbosa,FINISHED,0.0001,32,0.72,0.001,50,135.59545040130615,0.6419516205787659,0.7170737246672313
87cdbfa483bd4dfc9a76a1fdce4ed5d2,0268,LOCAL,GAN.py,lucas.barbosa,FINISHED,0.01,64,0.7,0.001,50,97.66053247451782,0.674282431602478,0.7171519588340413
9365c61a528f4400bb54790085b49a7a,0010,LOCAL,GAN.py,lucas.barbosa,FINISHED,0.0001,16,0.7,0.0001,50,375.41307520866394,0.6654152870178223,0.7172737549253776
e4867ffb90064a0690fe46be691526a2,0102,LOCAL,GAN.py,lucas.barbosa,FINISHED,0.0001,16,0.72,0.0001,200,1011.9350237846375,0.5566190481185913,0.7173557723561923
ca9364421bfb463591c22ceda56c1bf0,0063,LOCAL,GAN.py,lucas.barbosa,FINISHED,0.0001,64,0.74,0.001,100,91.65605401992798,0.6525382995605469,0.718458691239357
1ed86faef6504b50a33834768e027b15,0068,LOCAL,GAN.py,lucas.barbosa,FINISHED,0.0001,32,0.72,0.001,200,530.6657137870789,0.5422909259796143,0.7187334865331649
2773d49491534b8ba989d3e068302ff1,0253,LOCAL,GAN.py,lucas.barbosa,FINISHED,0.01,16,0.7,0.001,25,193.75420784950256,0.6527566313743591,0.7188893209742961
7ef7ac7f0b14485d9b9064de002675da,0061,LOCAL,GAN.py,lucas.barbosa,FINISHED,0.0001,64,0.7,0.001,100,192.88063859939575,0.6420193314552307,0.7196025929667733
6a86e36bb2a64b37bead589d42615d0a,0151,LOCAL,GAN.py,lucas.barbosa,FINISHED,0.001,64,0.7,0.001,25,50.450812339782715,0.6261662244796753,0.7197151306000623
f5daa55a691045828dcdb5e7e264ede7,0173,LOCAL,GAN.py,lucas.barbosa,FINISHED,0.001,16,0.72,0.001,200,1319.061005115509,0.5460005402565002,0.7200086961189905
c5fd590f36264b3ca58eb9a4d576e901,0174,LOCAL,GAN.py,lucas.barbosa,FINISHED,0.001,16,0.74,0.001,200,903.303836107254,0.5197176933288574,0.7202082204531475
3e7ba4fe9f0744e4bf63f26da6f9a55f,0217,LOCAL,GAN.py,lucas.barbosa,FINISHED,0.01,16,0.7,0.0001,25,195.5192461013794,0.7126139998435974,0.7202185638206827
12587736ada645348460d14f1ddd6785,0168,LOCAL,GAN.py,lucas.barbosa,FINISHED,0.001,32,0.74,0.001,100,236.0772671699524,0.5183644890785217,0.7205595752088035
860a876f18e44f0bbbe4df2bcbbf9870,0118,LOCAL,GAN.py,lucas.barbosa,FINISHED,0.001,16,0.7,0.0001,50,445.3172678947449,0.6183691024780273,0.7207754719055305
197daec120d54e1a8c2e492e171aa70a,0278,LOCAL,GAN.py,lucas.barbosa,FINISHED,0.01,64,0.72,0.001,100,133.4838387966156,0.6510362029075623,0.7208918452262878
7b48813414d5421f9b747fe4a2cb2513,0162,LOCAL,GAN.py,lucas.barbosa,FINISHED,0.001,64,0.74,0.001,50,58.30247378349304,0.571454644203186,0.7209840804338455
837d79f7155141228c193906c70bab49,0100,LOCAL,GAN.py,lucas.barbosa,FINISHED,0.0001,16,0.7,0.0001,200,1489.1567695140839,0.6103014349937439,0.7211194536780233
3d99308058e04b189640904c0965c267,0176,LOCAL,GAN.py,lucas.barbosa,FINISHED,0.001,32,0.72,0.001,200,535.0845081806183,0.4935758709907532,0.7211801489194234
1501b1b156ab43c29c36e17f2a9095f3,0235,LOCAL,GAN.py,lucas.barbosa,FINISHED,0.01,16,0.7,0.0001,100,767.7624881267548,0.8010505437850952,0.7212751524596565
26632ad564414fc49a1cf7d1a83e282d,0066,LOCAL,GAN.py,lucas.barbosa,FINISHED,0.0001,16,0.74,0.001,200,714.6859831809998,0.6630184650421143,0.7213536781000803
1d8cb996d3da4d5dbcde6dc0ea282eb3,0226,LOCAL,GAN.py,lucas.barbosa,FINISHED,0.01,16,0.7,0.0001,50,385.86030864715576,0.772051990032196,0.7215464241423849
8fcd012cdfd449e89a241ab073324792,0002,LOCAL,GAN.py,lucas.barbosa,FINISHED,0.0001,16,0.71,0.0001,25,156.28775548934937,0.6518583297729492,0.7224625169414364
fd2856654a2a4c2da5528904b9f64308,0244,LOCAL,GAN.py,lucas.barbosa,FINISHED,0.01,16,0.7,0.0001,200,1531.4539852142334,0.5568040013313293,0.7224950739892863
e7183078b99e4b9f9b64a494002bb86e,0264,LOCAL,GAN.py,lucas.barbosa,FINISHED,0.01,16,0.74,0.001,50,181.91431045532227,0.5905795097351074,0.7226227184376085
dcba6f47febc4ce3a599f745be654872,0275,LOCAL,GAN.py,lucas.barbosa,FINISHED,0.01,32,0.72,0.001,100,268.9984042644501,0.6000403165817261,0.7226232369740804
a3663b62fdb24d8db96b1bee622cdd70,0161,LOCAL,GAN.py,lucas.barbosa,FINISHED,0.001,64,0.72,0.001,50,86.53099846839905,0.7164996266365051,0.7227037231127421
1aa01ae4292b4e28a4b67cbe62779abb,0001,LOCAL,GAN.py,lucas.barbosa,FINISHED,0.0001,16,0.7,0.0001,25,204.51967072486877,0.7155916094779968,0.7232068127157998
9397fee0499848479fcc3eaa9f30fffe,0270,LOCAL,GAN.py,lucas.barbosa,FINISHED,0.01,64,0.74,0.001,50,46.3795907497406,0.5711565613746643,0.7238995254039764
ee11ca5784c04fae891ebaf9cd2ab961,0281,LOCAL,GAN.py,lucas.barbosa,FINISHED,0.01,16,0.72,0.001,200,1039.545474767685,0.5554396510124207,0.7240506375829379
09dc4f6e08d74217b10193ad1244212c,0265,LOCAL,GAN.py,lucas.barbosa,FINISHED,0.01,32,0.7,0.001,50,197.63553714752197,0.6616605520248413,0.7240916598926891
e4b6700658b64f0a95d0f8395ec04e3a,0166,LOCAL,GAN.py,lucas.barbosa,FINISHED,0.001,32,0.7,0.001,100,501.57941603660583,0.667102575302124,0.7244374684312127
43aca32014dc4190a7b5b18bc3a0ec2d,0046,LOCAL,GAN.py,lucas.barbosa,FINISHED,0.0001,16,0.7,0.001,50,384.0902986526489,0.5955852270126343,0.7245883456731247
08c94484405b43bfb006a00dd1117a40,0146,LOCAL,GAN.py,lucas.barbosa,FINISHED,0.001,16,0.72,0.001,25,132.67055106163025,0.5038681626319885,0.7250625575582187
7c97fd9d10c84e8fab09c0878907f342,0285,LOCAL,GAN.py,lucas.barbosa,FINISHED,0.01,32,0.74,0.001,200,367.30078768730164,0.5579954981803894,0.7260120060385727
e208dbc5ab4241b99ad9385e69dbeb25,0049,LOCAL,GAN.py,lucas.barbosa,FINISHED,0.0001,32,0.7,0.001,50,197.72214770317078,0.6018202900886536,0.7264392463998361
a9bda06c17724aef99ace487a8817ccc,0057,LOCAL,GAN.py,lucas.barbosa,FINISHED,0.0001,16,0.74,0.001,100,359.76260352134705,0.8116066455841064,0.7267851377108011
6b1146a68d44466ebd4c4932f1ebf743,0269,LOCAL,GAN.py,lucas.barbosa,FINISHED,0.01,64,0.72,0.001,50,68.00399088859558,0.576760470867157,0.7268000423908234
11c7a1daef2e4c7db59b2d11cc4f1f0f,0259,LOCAL,GAN.py,lucas.barbosa,FINISHED,0.01,64,0.7,0.001,25,50.19610548019409,0.6729024648666382,0.7272944111715663
8f57565b52a847d186e553912e2567b2,0072,LOCAL,GAN.py,lucas.barbosa,FINISHED,0.0001,64,0.74,0.001,200,175.7120635509491,0.618985652923584,0.7273318052291871
c5cf12e2d0b94c31bf798b4de359174e,0019,LOCAL,GAN.py,lucas.barbosa,FINISHED,0.0001,16,0.7,0.0001,100,758.9692420959473,0.6306113004684448,0.7275920439574678
1f60be8988074938a7503c76a62df52e,0284,LOCAL,GAN.py,lucas.barbosa,FINISHED,0.01,32,0.72,0.001,200,536.9191646575928,0.5044481754302979,0.7277660598357518
4ce6029fe1d9481f8b9386d7ed6c8825,0177,LOCAL,GAN.py,lucas.barbosa,FINISHED,0.001,32,0.74,0.001,200,365.1503200531006,0.702407956123352,0.7278693216602977
657fafa7cb72431985557f9223cf26a7,0039,LOCAL,GAN.py,lucas.barbosa,FINISHED,0.0001,16,0.74,0.001,25,92.50119614601135,0.6754183173179626,0.7281840989388615
a14d79d0ac6842608b080911a280dc38,0167,LOCAL,GAN.py,lucas.barbosa,FINISHED,0.001,32,0.72,0.001,100,342.9258601665497,0.7752400040626526,0.7286972125371297
459582c27c1d4d25956e8b27d8245d1a,0170,LOCAL,GAN.py,lucas.barbosa,FINISHED,0.001,64,0.72,0.001,100,167.9135720729828,0.6104795932769775,0.7287531117598216
a983e6a2986e45c6bd50ca45091b7e07,0261,LOCAL,GAN.py,lucas.barbosa,FINISHED,0.01,64,0.74,0.001,25,24.564682245254517,0.6771167516708374,0.7288538366556168
99ce17a3fb9c4cda95f52ce2437e2a92,0282,LOCAL,GAN.py,lucas.barbosa,FINISHED,0.01,16,0.74,0.001,200,720.106588602066,0.6584699749946594,0.7290151736822473
8b58fc2c28484b1fa936eb595f8347fe,0171,LOCAL,GAN.py,lucas.barbosa,FINISHED,0.001,64,0.74,0.001,100,115.7015769481659,0.597883939743042,0.7293938368558883
e57489281509469abf2e5ae2e96200f8,0271,LOCAL,GAN.py,lucas.barbosa,FINISHED,0.01,16,0.7,0.001,100,766.4995405673981,0.6713071465492249,0.7295167712168505
2d1aa3d3e9a14b97b72e3f1957bc3a80,0155,LOCAL,GAN.py,lucas.barbosa,FINISHED,0.001,16,0.72,0.001,50,334.981618642807,0.5777796506881714,0.7295671651760737
1a16f093164a4d748d73b0b78943b23d,0067,LOCAL,GAN.py,lucas.barbosa,FINISHED,0.0001,32,0.7,0.001,200,779.8155410289764,0.5178304314613342,0.7298621460795403
a9c1967b15c34d59b661b8d7916553c8,0150,LOCAL,GAN.py,lucas.barbosa,FINISHED,0.001,32,0.74,0.001,25,48.05102801322937,0.7126086950302124,0.7301866165021571
c8eb32f6222e46229db6295510ced7ca,0288,LOCAL,GAN.py,lucas.barbosa,FINISHED,0.01,64,0.74,0.001,200,176.72953033447266,0.623648464679718,0.7304704368114472
95a7f4fbf1d34d31bb98399e1d6a9b37,0145,LOCAL,GAN.py,lucas.barbosa,FINISHED,0.001,16,0.7,0.001,25,193.82009434700012,0.6007437705993652,0.730779927329155
6d087430daf94c669bcbd11cedc3942d,0147,LOCAL,GAN.py,lucas.barbosa,FINISHED,0.001,16,0.74,0.001,25,92.23484587669373,0.5682570934295654,0.7313934198345047
60144d467e4249978b8a107d7a57d2a2,0042,LOCAL,GAN.py,lucas.barbosa,FINISHED,0.0001,32,0.74,0.001,25,47.914459228515625,0.6135346293449402,0.7316881258313249
a5d22d88e8424db99eea161807b56d4e,0255,LOCAL,GAN.py,lucas.barbosa,FINISHED,0.01,16,0.74,0.001,25,92.25538492202759,0.6643516421318054,0.7317512696047863
f0b525960e474e0cb21c35041e39281e,0279,LOCAL,GAN.py,lucas.barbosa,FINISHED,0.01,64,0.74,0.001,100,90.20449995994568,0.6275863647460938,0.7319167584180832
7631c54c32db4bc49673ae211bfc47e1,0041,LOCAL,GAN.py,lucas.barbosa,FINISHED,0.0001,32,0.72,0.001,25,69.32350468635559,0.5100734233856201,0.7321053455273311
2bc755066f264d83a732f81be24c3e58,0153,LOCAL,GAN.py,lucas.barbosa,FINISHED,0.001,64,0.74,0.001,25,24.827762603759766,0.6924645304679871,0.732298019528389
92db3bfe0869427bb4372c6a829c9d08,0127,LOCAL,GAN.py,lucas.barbosa,FINISHED,0.001,16,0.7,0.0001,100,901.9471032619476,0.7502970695495605,0.7323981688521003
4d3b8e15e3fd439bae2a24ea3470fa4c,0272,LOCAL,GAN.py,lucas.barbosa,FINISHED,0.01,16,0.72,0.001,100,521.476158618927,0.4734536409378052,0.7331758906443914
ebaedf1da1cf4b0a99a4500256680744,0037,LOCAL,GAN.py,lucas.barbosa,FINISHED,0.0001,16,0.7,0.001,25,193.31810975074768,0.6397944688796997,0.7331869753740602
b476250892294fac81f631509e8662d3,0159,LOCAL,GAN.py,lucas.barbosa,FINISHED,0.001,32,0.74,0.001,50,119.63465976715088,0.5930749177932739,0.7332118735080813
49cf29fee0354b06a2b13000b93219a0,0101,LOCAL,GAN.py,lucas.barbosa,FINISHED,0.0001,16,0.71,0.0001,200,1229.3596014976501,0.5100391507148743,0.7340031776526202
6d7f0471babd41b09c93b5d86147ad06,0051,LOCAL,GAN.py,lucas.barbosa,FINISHED,0.0001,32,0.74,0.001,50,93.45595145225525,0.6040264368057251,0.7341315033959179
6149b43d1b3a4637856761e62135c22f,0038,LOCAL,GAN.py,lucas.barbosa,FINISHED,0.0001,16,0.72,0.001,25,131.73168873786926,0.6379047632217407,0.7342899804313977
5fde100aaaba4b71b05cbe56c0971993,0165,LOCAL,GAN.py,lucas.barbosa,FINISHED,0.001,16,0.74,0.001,100,463.5497376918793,0.6089720129966736,0.7358020228075693
2c00be37b10842328280cf1f85000b9a,0056,LOCAL,GAN.py,lucas.barbosa,FINISHED,0.0001,16,0.72,0.001,100,516.2368714809418,0.5679409503936768,0.7367672050992647
80ca6d90f2e448a8861a50ef3c21c77c,0156,LOCAL,GAN.py,lucas.barbosa,FINISHED,0.001,16,0.74,0.001,50,232.52182960510254,0.6453362107276917,0.7378486172262445
761b2f71478946dd8251c208f3cc9cec,0257,LOCAL,GAN.py,lucas.barbosa,FINISHED,0.01,32,0.72,0.001,25,69.39251661300659,0.74834144115448,0.7390490114688874
f113886bbd0e4ceeb473aca92fb1db1b,0276,LOCAL,GAN.py,lucas.barbosa,FINISHED,0.01,32,0.74,0.001,100,184.99278569221497,0.6474645733833313,0.7393394839472887
bb25f059394f451eb47de60dbcf5973e,0060,LOCAL,GAN.py,lucas.barbosa,FINISHED,0.0001,32,0.74,0.001,100,184.71878457069397,0.6849255561828613,0.7393817610856963
24335c89b6f14792b6a8d86fa5b5f6ba,0040,LOCAL,GAN.py,lucas.barbosa,FINISHED,0.0001,32,0.7,0.001,25,100.16317868232727,0.5548826456069946,0.7394737743518569
1cd578128e59429486c0056806ba1b7f,0160,LOCAL,GAN.py,lucas.barbosa,FINISHED,0.001,64,0.7,0.001,50,125.02890491485596,0.6202645301818848,0.7394749806685881
3d340ef5d57b4d03b485541eaca8506a,0052,LOCAL,GAN.py,lucas.barbosa,FINISHED,0.0001,64,0.7,0.001,50,97.54551386833191,0.6914751529693604,0.7410320477052168
4cccfcc3046f4f71bce452aa8f977c12,0169,LOCAL,GAN.py,lucas.barbosa,FINISHED,0.001,64,0.7,0.001,100,243.78602027893066,0.6415432095527649,0.7423593550920486
d230f736dbb340e6ba6307595edf6fb4,0163,LOCAL,GAN.py,lucas.barbosa,FINISHED,0.001,16,0.7,0.001,100,992.503116607666,0.6305961608886719,0.7435800699190905
58a571b92c294fc48aaf18193872f0d8,0154,LOCAL,GAN.py,lucas.barbosa,FINISHED,0.001,16,0.7,0.001,50,484.2543420791626,0.637043833732605,0.7441020213951499
4c334da0de944aceb8b77112b95c8879,0152,LOCAL,GAN.py,lucas.barbosa,FINISHED,0.001,64,0.72,0.001,25,35.896332025527954,0.7183910012245178,0.7442299624284109
028e4582035d4e85a523cf97267d6226,0274,LOCAL,GAN.py,lucas.barbosa,FINISHED,0.01,32,0.7,0.001,100,392.7307484149933,0.6393287777900696,0.7444110411134633
d6302a24ab5c4620863cbb37185e458d,0034,LOCAL,GAN.py,lucas.barbosa,FINISHED,0.0001,16,0.7,0.0001,50,375.43587160110474,0.6481029391288757,0.744438468062945
68bd6c7686fe40358ba7cd7639dfa369,0062,LOCAL,GAN.py,lucas.barbosa,FINISHED,0.0001,64,0.72,0.001,100,140.326233625412,0.6635253429412842,0.7454479932785034
d66e402bae494430b34d784048f46970,0048,LOCAL,GAN.py,lucas.barbosa,FINISHED,0.0001,16,0.74,0.001,50,181.38720655441284,0.7313406467437744,0.7460549279867884
3303828757d94ac1ab1c1adaa370a501,0283,LOCAL,GAN.py,lucas.barbosa,FINISHED,0.01,32,0.7,0.001,200,782.4727830886841,0.4896308183670044,0.7461155307563868
21860f33a3b0437b970793485800277d,0047,LOCAL,GAN.py,lucas.barbosa,FINISHED,0.0001,16,0.72,0.001,50,261.1700723171234,0.667617917060852,0.7464615042010944
a5e68dc076f642c0a381bf635d0d1725,0164,LOCAL,GAN.py,lucas.barbosa,FINISHED,0.001,16,0.72,0.001,100,666.2765498161316,0.6019591689109802,0.7468507741888364
46a6613d9bff4b16bd99e7b5771e0e51,0053,LOCAL,GAN.py,lucas.barbosa,FINISHED,0.0001,64,0.72,0.001,50,67.88984870910645,0.6294141411781311,0.7473370254039764
d9cf991a77f941f1b38c9ee5f7b81c89,0157,LOCAL,GAN.py,lucas.barbosa,FINISHED,0.001,32,0.7,0.001,50,251.65324306488037,0.609376847743988,0.7476012666117061
ab7f283360f44ac1a496c8d9201dc2ed,0045,LOCAL,GAN.py,lucas.barbosa,FINISHED,0.0001,64,0.74,0.001,25,24.375617742538452,0.5876523852348328,0.7482339769601822
2931972030744c4bbe74b35f11a15deb,0267,LOCAL,GAN.py,lucas.barbosa,FINISHED,0.01,32,0.74,0.001,50,93.75673794746399,0.6966752409934998,0.7488392039043147
63a5b4bb355541e797f0d949d14f7c6e,0054,LOCAL,GAN.py,lucas.barbosa,FINISHED,0.0001,64,0.74,0.001,50,46.2152841091156,0.6727174520492554,0.7502046823501587
8e03796af2354b5db43af3b6be718dc4,0178,LOCAL,GAN.py,lucas.barbosa,FINISHED,0.001,64,0.7,0.001,200,382.84059286117554,0.6202715039253235,0.7503520006483252
d638c4c080a7470aa110d4c7f72826c8,0065,LOCAL,GAN.py,lucas.barbosa,FINISHED,0.0001,16,0.72,0.001,200,1036.350934267044,0.6636521816253662,0.7532472014427185
9ed001ce7eb946a4b8f99e8702752ac0,0059,LOCAL,GAN.py,lucas.barbosa,FINISHED,0.0001,32,0.72,0.001,100,267.3349301815033,0.6331255435943604,0.7532642990350723
068a3c17e9d9464d84390bacf5a1afde,0286,LOCAL,GAN.py,lucas.barbosa,FINISHED,0.01,64,0.7,0.001,200,383.814795255661,0.6706764101982117,0.7556195475838401
f3298f47198d4301a75100e9147eae27,0069,LOCAL,GAN.py,lucas.barbosa,FINISHED,0.0001,32,0.74,0.001,200,365.7129304409027,0.6302967071533203,0.760474872298357
2d8d5f9ea8c046e5bc36b191097140f0,0058,LOCAL,GAN.py,lucas.barbosa,FINISHED,0.0001,32,0.7,0.001,100,391.523118019104,0.6767554879188538,0.7605082216587934
82e890b305d7409b87b257512952aa37,0172,LOCAL,GAN.py,lucas.barbosa,FINISHED,0.001,16,0.7,0.001,200,1926.914939403534,0.5043143630027771,0.7622535397103951
0b8149ffdbfe43f9b7c9f2f3a842a4ad,0258,LOCAL,GAN.py,lucas.barbosa,FINISHED,0.01,32,0.74,0.001,25,48.13714361190796,0.6083682179450989,0.7624307987166614
16fac086cbca43dbb7556d71381ad110,0044,LOCAL,GAN.py,lucas.barbosa,FINISHED,0.0001,64,0.72,0.001,25,36.055333375930786,0.5269515514373779,0.7643290201822917
1fe83ba3f7f7407299669cb0eae650d4,0043,LOCAL,GAN.py,lucas.barbosa,FINISHED,0.0001,64,0.7,0.001,25,50.8033881187439,0.6515993475914001,0.7811473350633275
e56f507b5b244f618ea0a24b2ce5ee78,0197,LOCAL,GAN.py,lucas.barbosa,FINISHED,0.001,64,0.72,0.01,50,67.17930746078491,0.4720586836338043,0.863207628329595
6c4b2df0108e41d3a605598a43028a9a,0081,LOCAL,GAN.py,lucas.barbosa,FINISHED,0.0001,64,0.74,0.01,25,24.481579780578613,0.3467545509338379,0.8961304038763046
5df02d295abf4a0d8404b8da84b92016,0313,LOCAL,GAN.py,lucas.barbosa,FINISHED,0.01,64,0.7,0.01,100,193.3943235874176,0.08513607829809189,1.0051709521900525
7b217db469f94c069b43ec4520150a32,0107,LOCAL,GAN.py,lucas.barbosa,FINISHED,0.0001,64,0.72,0.01,200,270.18374395370483,0.24550624191761017,1.0098376174767811
336bcfecb34d4c3c9225409cf51ef017,0080,LOCAL,GAN.py,lucas.barbosa,FINISHED,0.0001,64,0.72,0.01,25,35.2800452709198,0.2823421061038971,1.051258248090744
654396d00e154172840490db773e4af7,0090,LOCAL,GAN.py,lucas.barbosa,FINISHED,0.0001,64,0.74,0.01,50,45.9008309841156,0.6688929796218872,1.116611087322235
f76d1c8b88d64f84aaf785120e8f76d6,0098,LOCAL,GAN.py,lucas.barbosa,FINISHED,0.0001,64,0.72,0.01,100,132.40116167068481,0.1287440061569214,1.1211913406848908
e400ae4a44194da89da06307e2f49705,0304,LOCAL,GAN.py,lucas.barbosa,FINISHED,0.01,64,0.7,0.01,50,97.91200947761536,0.405280739068985,1.123481896790591
cbaae8b9a4044880b068833d4d46dfb2,0206,LOCAL,GAN.py,lucas.barbosa,FINISHED,0.001,64,0.72,0.01,100,131.602876663208,0.17225335538387299,1.1261029064655304
f6e881d3af634a0a928887f987647b61,0088,LOCAL,GAN.py,lucas.barbosa,FINISHED,0.0001,64,0.7,0.01,50,97.66366171836853,0.35308805108070374,1.1704481481151148
3ddf61f53e214b308cd5bf84e480d85b,0323,LOCAL,GAN.py,lucas.barbosa,FINISHED,0.01,64,0.72,0.01,200,263.51019382476807,0.15673956274986267,1.222580067316691
47649c9d03674a4f9613ef3bf37515c7,0089,LOCAL,GAN.py,lucas.barbosa,FINISHED,0.0001,64,0.72,0.01,50,67.27334928512573,0.3512653112411499,1.2377219398816426
dee961e22537457eac46daab716db8d5,0214,LOCAL,GAN.py,lucas.barbosa,FINISHED,0.001,64,0.7,0.01,200,382.22347235679626,0.1881350874900818,1.2614714760671963
19995142f987459494fefdae219c62b2,0188,LOCAL,GAN.py,lucas.barbosa,FINISHED,0.001,64,0.72,0.01,25,34.95697736740112,0.28384649753570557,1.2694981733957926
892e8a3732e240f7b0fc33024f3f6ee4,0315,LOCAL,GAN.py,lucas.barbosa,FINISHED,0.01,64,0.74,0.01,100,89.1062262058258,0.19411641359329224,1.2873383522033692
85caaa27d329448b9a7aa1f017bbc521,0108,LOCAL,GAN.py,lucas.barbosa,FINISHED,0.0001,64,0.74,0.01,200,179.77210593223572,0.2291545569896698,1.32812602519989
88b074fb89a647faa23c75fcdfe6affc,0296,LOCAL,GAN.py,lucas.barbosa,FINISHED,0.01,64,0.72,0.01,25,34.697925090789795,0.46633264422416687,1.3447733640670776
3740eebcd35c4b2eba143318d2390c8a,0305,LOCAL,GAN.py,lucas.barbosa,FINISHED,0.01,64,0.72,0.01,50,67.49953889846802,0.19328370690345764,1.3832043786843617
e9901c7c62c74bcb9d999e50a83d2dc4,0216,LOCAL,GAN.py,lucas.barbosa,FINISHED,0.001,64,0.74,0.01,200,175.99706602096558,0.18393853306770325,1.4107736766338348
e468c98d6b9648bfb5242a8f16d77a49,0198,LOCAL,GAN.py,lucas.barbosa,FINISHED,0.001,64,0.74,0.01,50,46.13851976394653,0.40454232692718506,1.439159819483757
31d57e63543e4810952521639e1c0b19,0097,LOCAL,GAN.py,lucas.barbosa,FINISHED,0.0001,64,0.7,0.01,100,192.6975965499878,0.006531873717904091,1.439313060858033
222e8bc77d5e4aedab44bc595db343fc,0297,LOCAL,GAN.py,lucas.barbosa,FINISHED,0.01,64,0.74,0.01,25,24.38930654525757,0.23829378187656403,1.440699315071106
80aa892e2be64ca69d32c17938df5ad0,0195,LOCAL,GAN.py,lucas.barbosa,FINISHED,0.001,32,0.74,0.01,50,93.45563912391663,0.26221656799316406,1.4428636170015103
4dd5227d6820438e8a9759ca74ef44c4,0324,LOCAL,GAN.py,lucas.barbosa,FINISHED,0.01,64,0.74,0.01,200,179.56585121154785,0.24288083612918854,1.446216031908989
23a8ba4bcf6b43ebbe3b1df954fbb825,0215,LOCAL,GAN.py,lucas.barbosa,FINISHED,0.001,64,0.72,0.01,200,261.92076802253723,0.08188842236995697,1.4806260466575623
bb15ced404614340a7d621c85da675c9,0079,LOCAL,GAN.py,lucas.barbosa,FINISHED,0.0001,64,0.7,0.01,25,50.31847834587097,0.42152878642082214,1.5484191060743548
1fd1cce044cf455db7891db374b89b54,0213,LOCAL,GAN.py,lucas.barbosa,FINISHED,0.001,32,0.74,0.01,200,365.6503064632416,0.24405601620674133,1.5532080661959764
60b0d28a58154d9da10d9a43d0527a5f,0207,LOCAL,GAN.py,lucas.barbosa,FINISHED,0.001,64,0.74,0.01,100,89.22840070724487,0.17183136940002441,1.5667646259069443
e9b4fd58a02c48bfbcd0669a887f7e17,0205,LOCAL,GAN.py,lucas.barbosa,FINISHED,0.001,64,0.7,0.01,100,192.6079387664795,0.19991429150104523,1.6323474442416972
ef5c74185ac5494d801430a74919471a,0306,LOCAL,GAN.py,lucas.barbosa,FINISHED,0.01,64,0.74,0.01,50,46.02076458930969,0.20991544425487518,1.7239101976156235
8e8e4ea46b0e4d2791d3d503261bbe89,0196,LOCAL,GAN.py,lucas.barbosa,FINISHED,0.001,64,0.7,0.01,50,97.66847348213196,0.329007089138031,1.8026054054498672
30e70e3d0738481d8b20fbb67c65de16,0314,LOCAL,GAN.py,lucas.barbosa,FINISHED,0.01,64,0.72,0.01,100,132.20719957351685,0.4118571877479553,1.8218001822630565
e95d5006b7b443148a0081a60c4b2fd7,0099,LOCAL,GAN.py,lucas.barbosa,FINISHED,0.0001,64,0.74,0.01,100,89.05800104141235,0.18767139315605164,1.858759804069996
907dfa57204f4996861e5c05d26c6451,0295,LOCAL,GAN.py,lucas.barbosa,FINISHED,0.01,64,0.7,0.01,25,50.172459840774536,0.15239693224430084,1.8999280739914288
76f054d6d00f47ceabe914794a687608,0106,LOCAL,GAN.py,lucas.barbosa,FINISHED,0.0001,64,0.7,0.01,200,383.7628860473633,0.12920615077018738,2.0078376558693973
8917277e99b24c04978f9d8cc94f53a2,0104,LOCAL,GAN.py,lucas.barbosa,FINISHED,0.0001,32,0.72,0.01,200,533.6905720233917,0.448388010263443,2.0155900528033572
2250379f87ff496bbb58fe0b1c6aea21,0082,LOCAL,GAN.py,lucas.barbosa,FINISHED,0.0001,16,0.7,0.01,50,383.96110486984253,0.16333559155464172,2.039986024300257
4c30bad482444ec5ab8c5147f611bd45,0187,LOCAL,GAN.py,lucas.barbosa,FINISHED,0.001,64,0.7,0.01,25,50.57956600189209,0.21277864277362823,2.1547179411758077
9926f8241db346c887c8302e9b775afe,0094,LOCAL,GAN.py,lucas.barbosa,FINISHED,0.0001,32,0.7,0.01,100,392.2698118686676,0.07290064543485641,2.166707317937504
4b72c35bd5f549fcaa3e1810238a1c6b,0189,LOCAL,GAN.py,lucas.barbosa,FINISHED,0.001,64,0.74,0.01,25,23.972460508346558,0.16362929344177246,2.2008729219436645
a4130dfc0fb14be5b84d737319763ef9,0077,LOCAL,GAN.py,lucas.barbosa,FINISHED,0.0001,32,0.72,0.01,25,69.98658537864685,0.39034366607666016,2.250028210878372
12d72b68660447f4a6f644ab29aef137,0294,LOCAL,GAN.py,lucas.barbosa,FINISHED,0.01,32,0.74,0.01,25,48.63096857070923,0.2894021272659302,2.25238373512175
765db77eed5346079375f81a2415f799,0292,LOCAL,GAN.py,lucas.barbosa,FINISHED,0.01,32,0.7,0.01,25,100.58496475219727,0.2414935976266861,2.289086116308516
9c4dd00df5224506bc7898a4dd799ede,0303,LOCAL,GAN.py,lucas.barbosa,FINISHED,0.01,32,0.74,0.01,50,94.12312030792236,0.3789650797843933,2.2955128623218073
6062134aac3f49658a711586fda123a6,0310,LOCAL,GAN.py,lucas.barbosa,FINISHED,0.01,32,0.7,0.01,100,394.7876753807068,0.262178510427475,2.3108870326118036
4fa2d6472e984687bbf3092eb9069ac8,0087,LOCAL,GAN.py,lucas.barbosa,FINISHED,0.0001,32,0.74,0.01,50,93.74068927764893,0.29587700963020325,2.3918771889151595
13a35676f1234bbc8160cc186735f21a,0186,LOCAL,GAN.py,lucas.barbosa,FINISHED,0.001,32,0.74,0.01,25,48.4680609703064,0.049753960222005844,2.398297594814766
1cd783dddf824e3792c0296fb0d811f2,0204,LOCAL,GAN.py,lucas.barbosa,FINISHED,0.001,32,0.74,0.01,100,184.32807183265686,0.19856387376785278,2.412112064477874
69cfefbb2e274892be55f6ae0b68db1e,0190,LOCAL,GAN.py,lucas.barbosa,FINISHED,0.001,16,0.7,0.01,50,385.49292635917664,0.09506009519100189,2.4375967582066855
cb1b2acdb697489b846c8fb65f1fce0a,0085,LOCAL,GAN.py,lucas.barbosa,FINISHED,0.0001,32,0.7,0.01,50,197.8821313381195,0.41824862360954285,2.4562850282950834
81fd372f427f4235a824bb983852207b,0211,LOCAL,GAN.py,lucas.barbosa,FINISHED,0.001,32,0.7,0.01,200,781.4186794757843,0.0013952505541965365,2.489005823027004
f0425029ffdb4bef964e442632a74760,0322,LOCAL,GAN.py,lucas.barbosa,FINISHED,0.01,64,0.7,0.01,200,383.7697253227234,0.24500970542430878,2.5185524469072167
ceaa9914a4184ed5a4ba265cedd93f68,0086,LOCAL,GAN.py,lucas.barbosa,FINISHED,0.0001,32,0.72,0.01,50,136.20119738578796,0.5340421795845032,2.621462893486023
d25f6cad613a441daca960b890de8f6f,0311,LOCAL,GAN.py,lucas.barbosa,FINISHED,0.01,32,0.72,0.01,100,269.20423650741577,0.7755717635154724,2.633959013223648
e017c0b095874c08b937d5e403441868,0307,LOCAL,GAN.py,lucas.barbosa,FINISHED,0.01,16,0.7,0.01,100,767.9079990386963,0.3635144531726837,2.732379441544161
e34371459f894afd98b64cb733a8e662,0203,LOCAL,GAN.py,lucas.barbosa,FINISHED,0.001,32,0.72,0.01,100,267.7996644973755,0.19366218149662018,2.7418168087800345
5164a1d3897a40c8997ecb7cace3c55a,0096,LOCAL,GAN.py,lucas.barbosa,FINISHED,0.0001,32,0.74,0.01,100,185.03290939331055,0.000007070797892083647,2.7633314656048285
5d5e5969b46e4ccfae436a68ad6065cf,0319,LOCAL,GAN.py,lucas.barbosa,FINISHED,0.01,32,0.7,0.01,200,792.7828409671783,1.1573269367218018,2.770603996786204
9670e95bc3f44e1c8a81da36c976015d,0103,LOCAL,GAN.py,lucas.barbosa,FINISHED,0.0001,32,0.7,0.01,200,780.1313235759735,0.6030933260917664,2.7830729728395287
09811271d6aa42d5b87db383da816956,0078,LOCAL,GAN.py,lucas.barbosa,FINISHED,0.0001,32,0.74,0.01,25,48.52006816864014,0.45521798729896545,2.7930679204987316
c59ff018537a441b8d36580ec4aa62fe,0301,LOCAL,GAN.py,lucas.barbosa,FINISHED,0.01,32,0.7,0.01,50,198.93422842025757,0.019139377400279045,2.824132430282506
ccc7abac42034121a20aba4ecaea17e6,0212,LOCAL,GAN.py,lucas.barbosa,FINISHED,0.001,32,0.72,0.01,200,535.7117128372192,0.541947603225708,2.869896463553111
22d56cb1862b479fbb6fa7dddee58b11,0184,LOCAL,GAN.py,lucas.barbosa,FINISHED,0.001,32,0.7,0.01,25,100.72092509269714,0.1257009655237198,2.8770072676918725
63a58540baad4d21b73b29cb35d79a5b,0320,LOCAL,GAN.py,lucas.barbosa,FINISHED,0.01,32,0.72,0.01,200,537.2544820308685,0.17185233533382416,2.8927298883597055
8b176c3cf6f043e9a5f1dcd437b0cfe7,0185,LOCAL,GAN.py,lucas.barbosa,FINISHED,0.001,32,0.72,0.01,25,69.51119637489319,0.2008984386920929,2.9360804239908855
c66a518b99e54534adce65d14d537d28,0202,LOCAL,GAN.py,lucas.barbosa,FINISHED,0.001,32,0.7,0.01,100,392.1679017543793,0.6038868427276611,2.9563037407669155
1212251005e9442ba89ccfe7a4dc677d,0183,LOCAL,GAN.py,lucas.barbosa,FINISHED,0.001,16,0.74,0.01,25,92.40445160865784,0.00013837614096701145,2.9851142081869653
c40199a4b6f84628b5f66d052c7271b0,0312,LOCAL,GAN.py,lucas.barbosa,FINISHED,0.01,32,0.74,0.01,100,184.65982913970947,0.29469478130340576,3.010629752787148
5016858604fc4fb591053d551b599850,0194,LOCAL,GAN.py,lucas.barbosa,FINISHED,0.001,32,0.72,0.01,50,136.3361520767212,0.24993808567523956,3.0123496611913043
f154adf2d0db4422bd01cd448b24e1e8,0091,LOCAL,GAN.py,lucas.barbosa,FINISHED,0.0001,16,0.7,0.01,100,765.1934289932251,0.8689658641815186,3.050494297749579
f4f8a8e6ad164cea8495bc0e2df811a9,0302,LOCAL,GAN.py,lucas.barbosa,FINISHED,0.01,32,0.72,0.01,50,136.51364302635193,0.47139793634414673,3.0689028958479563
7d54c6fd2e6b452c96d13cf06d428234,0300,LOCAL,GAN.py,lucas.barbosa,FINISHED,0.01,16,0.74,0.01,50,181.6721773147583,0.11732959747314453,3.1518074230975417
f55d80026171423784c727e3eb2a29d8,0199,LOCAL,GAN.py,lucas.barbosa,FINISHED,0.001,16,0.7,0.01,100,766.9140260219574,0.000030509752832585946,3.3104909109530474
6d268700fef449f8a1aed461249f956c,0076,LOCAL,GAN.py,lucas.barbosa,FINISHED,0.0001,32,0.7,0.01,25,100.39555430412292,0.5841329097747803,3.3842617015946996
2e939de2f53e47d8a7be04b3fa95d9a7,0193,LOCAL,GAN.py,lucas.barbosa,FINISHED,0.001,32,0.7,0.01,50,197.67980813980103,0.18501171469688416,3.4149487248875876
c7c28224d41e47128458dc03d7aca474,0316,LOCAL,GAN.py,lucas.barbosa,FINISHED,0.01,16,0.7,0.01,200,1530.2330837249756,1.3543486595153809,3.5146607921621893
2329a3d28bde48f5af938ec5a2a723a7,0191,LOCAL,GAN.py,lucas.barbosa,FINISHED,0.001,16,0.72,0.01,50,261.22682189941406,0.11470919847488403,3.5661911646525066
a057c4cbc2994c77a645faaf03a5d9d3,0074,LOCAL,GAN.py,lucas.barbosa,FINISHED,0.0001,16,0.72,0.01,25,132.94575929641724,0.261877179145813,3.6594681491454444
023a427dad6049c2a294f6665ad9bb74,0209,LOCAL,GAN.py,lucas.barbosa,FINISHED,0.001,16,0.72,0.01,200,1038.6216404438019,0.9056426286697388,3.693097228805224
d923861c19304d8caf76113e72eb8d61,0100,LOCAL,GAN.py,lucas.barbosa,FINISHED,0.0001,16,0.7,0.01,200,1526.8985033035278,0.6450015306472778,3.7519754242088834
d3f23ac808be464d812ce9f417d2fe20,0291,LOCAL,GAN.py,lucas.barbosa,FINISHED,0.01,16,0.74,0.01,25,92.3636121749878,0.1295403391122818,3.771342063524637
2a4449e70156459e8f69171044b930b8,0201,LOCAL,GAN.py,lucas.barbosa,FINISHED,0.001,16,0.74,0.01,100,361.3257694244385,0.016613531857728958,3.779339072215988
3da4b5026ed84b74a55b124d4ecbf41f,0200,LOCAL,GAN.py,lucas.barbosa,FINISHED,0.001,16,0.72,0.01,100,521.6131660938263,1.9827158451080322,3.8341318358977636
4e538dd58aff4548bb349ea1ff800fe7,0308,LOCAL,GAN.py,lucas.barbosa,FINISHED,0.01,16,0.72,0.01,100,522.1687762737274,0.0049600908532738686,4.015928672750791
d05d7186835c49828f55e8e1803b300b,0093,LOCAL,GAN.py,lucas.barbosa,FINISHED,0.0001,16,0.74,0.01,100,360.712149143219,0.000008357690603588708,4.167737182364406
cd8c2f5392ec4621810483f309dd6627,0073,LOCAL,GAN.py,lucas.barbosa,FINISHED,0.0001,16,0.7,0.01,25,194.9061484336853,0.5169514926981791,4.237561757281675
3b9dae535ae240c294950d375f60c390,0210,LOCAL,GAN.py,lucas.barbosa,FINISHED,0.001,16,0.74,0.01,200,719.0812735557556,0.00510765053331852,4.35291568629713
55b41df2ba634fecb6dedb3a5f4fdb82,0181,LOCAL,GAN.py,lucas.barbosa,FINISHED,0.001,16,0.7,0.01,25,195.37257719039917,0.2532557547092438,4.402026111796751
34468652954d433f95a5e8e381c37413,0309,LOCAL,GAN.py,lucas.barbosa,FINISHED,0.01,16,0.74,0.01,100,362.30638337135315,0.14409492909908295,4.405579875750714
6fd540d60ebf4006bf131b67175bab40,0105,LOCAL,GAN.py,lucas.barbosa,FINISHED,0.0001,32,0.74,0.01,200,366.73468947410583,0.5103135108947754,4.482478984972325
c7eec89bebfc436a845401ee3904162c,0298,LOCAL,GAN.py,lucas.barbosa,FINISHED,0.01,16,0.7,0.01,50,387.1071186065674,0.32532504200935364,4.510778841999291
4211e26ff5514fe5b35bc06d004f8f53,0192,LOCAL,GAN.py,lucas.barbosa,FINISHED,0.001,16,0.74,0.01,50,181.83559942245483,0.725196897983551,4.51360264743667
02c1d294e6714879808b135f9d787a11,0317,LOCAL,GAN.py,lucas.barbosa,FINISHED,0.01,16,0.72,0.01,200,1042.6865611076355,0.4369322657585144,4.550195041298866
d899d8df86314675824eeb85714e71d2,0290,LOCAL,GAN.py,lucas.barbosa,FINISHED,0.01,16,0.72,0.01,25,133.13647317886353,0.255541056394577,4.55133731563886
15e20c5cade14a5895c7ddc6147e5e0c,0075,LOCAL,GAN.py,lucas.barbosa,FINISHED,0.0001,16,0.74,0.01,25,92.64694404602051,0.9495775699615479,4.581443170467055
b556ad698f1c44d18463d919d4e89544,0102,LOCAL,GAN.py,lucas.barbosa,FINISHED,0.0001,16,0.74,0.01,200,712.6294195652008,0.0024145811330527067,4.791238827877734
818994aaa93b458fbd094d2be1e07826,0182,LOCAL,GAN.py,lucas.barbosa,FINISHED,0.001,16,0.72,0.01,25,133.39527010917664,0.5020963072155913,4.957965210080147
97f8a4184a824d00b0b5863e12e232d2,0293,LOCAL,GAN.py,lucas.barbosa,FINISHED,0.01,32,0.72,0.01,25,69.14531898498535,0.1443806141614914,4.995198541879654
42501ab8eaa6424cafffa35ee42c0139,0321,LOCAL,GAN.py,lucas.barbosa,FINISHED,0.01,32,0.74,0.01,200,369.7708556652069,0.6099430918693542,5.299645394813724
284a9dba369041ab93de84c578f4304d,0084,LOCAL,GAN.py,lucas.barbosa,FINISHED,0.0001,16,0.74,0.01,50,181.9913477897644,0.1012987568974495,5.888832839138536
d400fe9738d54870abe957b6fafcf093,0083,LOCAL,GAN.py,lucas.barbosa,FINISHED,0.0001,16,0.72,0.01,50,262.098269701004,1.5569376945495605,6.0650481959184015
aaaf975310d84f5eb995e2be11955907,0095,LOCAL,GAN.py,lucas.barbosa,FINISHED,0.0001,32,0.72,0.01,100,270.95372128486633,0.38742104172706604,6.63285661538442
60c0a66bbeb04abdb2b004a546b04322,0318,LOCAL,GAN.py,lucas.barbosa,FINISHED,0.01,16,0.74,0.01,200,723.5200672149658,0.07006300240755081,6.879835048353816
fc1e929932af4e668fb370f9769deacf,0299,LOCAL,GAN.py,lucas.barbosa,FINISHED,0.01,16,0.72,0.01,50,262.44758224487305,0.5091727375984192,7.1123241563638055
2a273918995b466c9aff6088b7e76c8c,0289,LOCAL,GAN.py,lucas.barbosa,FINISHED,0.01,16,0.7,0.01,25,193.70097851753235,0.002831016667187214,7.27195353292476
18245b7cff3f4a59bc2404d234164ea6,0101,LOCAL,GAN.py,lucas.barbosa,FINISHED,0.0001,16,0.72,0.01,200,1036.5860109329224,3.2804219722747803,7.344562470912933
a30172a6236a4141b6754bab5a4d6839,0208,LOCAL,GAN.py,lucas.barbosa,FINISHED,0.001,16,0.7,0.01,200,1532.4660954475403,0.00965013075619936,20.451547089269607
25d9347c51934defae377da932b2c51c,0092,LOCAL,GAN.py,lucas.barbosa,FINISHED,0.0001,16,0.72,0.01,100,520.3379442691803,2.8827152252197266,22.662419851620992
